Entry,Group,Cat_Structure,Cat_Group,Catalyst,Substrate,Ligand,Oxidant,Oxidant_Group,Solvent,Solvent_Group,Solv_opt_freq20,Solv_opt_freq25,Solv_Hbond_ac,Solv_Hbond_bs,Solv_surf_tens,Solv_diele_cst,Solv_aromcity,Solv_elect_halo,Temp_K,Yield,EE,Configuration,Substrate_quant_mmol,Catalyst_quant_mmol,Ligand_quant_mmol,Oxidant_quant_mmol,Additive_quant_mL,Solution_vol_mL,Time_h
1,1,VO(acac)2,2,Alvarez_C1,Alvarez_S1,NA,H2O2,2,ACN,2,1.3442,1.3416,0.07,0.32,41.25,35.688,0,0,298.15,11,99,NA,2,0.02,NA,2,2,16,4
2,1,VO(acac)2,2,Alvarez_C1,Alvarez_S1,NA,H2O2,2,ACN,2,1.3442,1.3416,0.07,0.32,41.25,35.688,0,0,298.15,17,64,NA,2,0.02,NA,2,2,16,12
3,1,VO(acac)2,2,Alvarez_C1,Alvarez_S1,NA,H2O2,2,ACN,2,1.3442,1.3416,0.07,0.32,41.25,35.688,0,0,298.15,23,67,NA,2,0.02,NA,4,2,16,4
4,1,VO(acac)2,2,Alvarez_C1,Alvarez_S1,NA,H2O2,2,ACN,2,1.3442,1.3416,0.07,0.32,41.25,35.688,0,0,298.15,36,73,NA,2,0.02,NA,4,2,16,4
5,1,VO(acac)2,2,Alvarez_C1,Alvarez_S1,NA,H2O2,2,ACN,2,1.3442,1.3416,0.07,0.32,41.25,35.688,0,0,298.15,60,15,NA,2,0.02,NA,10,2,16,2
6,1,VO(acac)2,2,Alvarez_C1,Alvarez_S1,NA,H2O2,2,ACN,2,1.3442,1.3416,0.07,0.32,41.25,35.688,0,0,298.15,99,48,NA,2,0.02,NA,4,2,16,4
7,1,VO(acac)2,2,Alvarez_C1,Alvarez_S1,NA,H2O2,2,ACN,2,1.3442,1.3416,0.07,0.32,41.25,35.688,0,0,298.15,99,68,NA,2,0.02,NA,4,2,16,8
8,1,VO(acac)2,2,Alvarez_C1,Alvarez_S1,NA,TBHP,4,ACN,2,1.3442,1.3416,0.07,0.32,41.25,35.688,0,0,298.15,36,43,NA,2,0.02,NA,4,2,16,4
9,1,VO(acac)2,2,Alvarez_C1,Alvarez_S1,NA,TBHP,4,ACN,2,1.3442,1.3416,0.07,0.32,41.25,35.688,0,0,298.15,54,50,NA,2,0.02,NA,4,2,16,6
10,1,VO(acac)2,2,Alvarez_C1,Alvarez_S1,NA,TBHP,4,ACN,2,1.3442,1.3416,0.07,0.32,41.25,35.688,0,0,298.15,59,25,NA,2,0.02,NA,8,2,16,4
11,1,VO(salen),4,Alvarez_C2,Alvarez_S1,NA,H2O2,2,ACN,2,1.3442,1.3416,0.07,0.32,41.25,35.688,0,0,298.15,15,30,NA,2,0.02,NA,2,2,16,12
12,1,VO(salen),4,Alvarez_C2,Alvarez_S1,NA,H2O2,2,ACN,2,1.3442,1.3416,0.07,0.32,41.25,35.688,0,0,298.15,25,42,NA,2,0.02,NA,4,2,16,4
13,1,VO(salen),4,Alvarez_C2,Alvarez_S1,NA,H2O2,2,ACN,2,1.3442,1.3416,0.07,0.32,41.25,35.688,0,0,298.15,100,52,NA,2,0.02,NA,10,2,16,12
14,1,VO(salen),4,Alvarez_C2,Alvarez_S1,NA,TBHP,4,ACN,2,1.3442,1.3416,0.07,0.32,41.25,35.688,0,0,298.15,69,64,NA,2,0.02,NA,8,2,16,12
15,1,VCl2(salen),1,Alvarez_C3,Alvarez_S1,NA,H2O2,2,ACN,2,1.3442,1.3416,0.07,0.32,41.25,35.688,0,0,298.15,25,25,NA,2,0.02,NA,2,2,16,12
16,1,VCl2(salen),1,Alvarez_C3,Alvarez_S1,NA,H2O2,2,ACN,2,1.3442,1.3416,0.07,0.32,41.25,35.688,0,0,298.15,54,56,NA,2,0.02,NA,4,2,16,4
17,1,VCl2(salen),1,Alvarez_C3,Alvarez_S1,NA,H2O2,2,ACN,2,1.3442,1.3416,0.07,0.32,41.25,35.688,0,0,298.15,100,62,NA,2,0.02,NA,10,2,16,12
18,1,VCl2(salen),1,Alvarez_C3,Alvarez_S1,NA,TBHP,4,ACN,2,1.3442,1.3416,0.07,0.32,41.25,35.688,0,0,298.15,51,68,NA,2,0.02,NA,4,2,16,6
19,1,VCl2(salen),1,Alvarez_C3,Alvarez_S1,NA,TBHP,4,ACN,2,1.3442,1.3416,0.07,0.32,41.25,35.688,0,0,298.15,55,60,NA,2,0.02,NA,4,2,16,12
20,1,VCl2(salen),1,Alvarez_C3,Alvarez_S1,NA,TBHP,4,ACN,2,1.3442,1.3416,0.07,0.32,41.25,35.688,0,0,298.15,100,82,NA,2,0.02,NA,8,2,16,6
21,2,VO(OiPr)3,3,Barlan_C1,Barlan_S1,Barlan_L1,TBHP,4,acetone,1,1.3588,1.3559,0.04,0.49,33.77,20.493,0,0,273.15,48,85,2R3R,1.05,0.014,0.021,1.59,NA,1.22,12
22,2,VO(OiPr)3,3,Barlan_C1,Barlan_S1,Barlan_L1,TBHP,4,chloroform,3,1.4459,1.4431,0.15,0.02,38.39,4.7113,0,0.75,273.15,95,83,2R3R,1.05,0.014,0.021,1.59,NA,1.22,12
23,2,VO(OiPr)3,3,Barlan_C1,Barlan_S1,Barlan_L1,TBHP,4,dichloromethane,4,1.4242,1.4241,0.1,0.05,39.15,8.93,0,0.667,273.15,93,94,2R3R,1.05,0.014,0.021,1.59,NA,1.22,12
24,2,VO(OiPr)3,3,Barlan_C1,Barlan_S1,Barlan_L1,TBHP,4,dichloromethane,4,1.4242,1.4241,0.1,0.05,39.15,8.93,0,0.667,273.15,95,93,2R3R,1.05,0.014,0.021,1.59,NA,1.22,12
25,2,VO(OiPr)3,3,Barlan_C1,Barlan_S1,Barlan_L1,TBHP,4,dichloromethane,4,1.4242,1.4241,0.1,0.05,39.15,8.93,0,0.667,273.15,91,94,2R3R,1.05,0.014,0.021,1.59,NA,1.22,6
26,2,VO(OiPr)3,3,Barlan_C1,Barlan_S1,Barlan_L1,TBHP,4,dichloromethane,4,1.4242,1.4241,0.1,0.05,39.15,8.93,0,0.667,273.15,90,95,2R3R,1.05,0.014,0.021,1.59,NA,1.22,12
27,2,VO(OiPr)3,3,Barlan_C1,Barlan_S1,Barlan_L1,TBHP,4,dichloromethane,4,1.4242,1.4241,0.1,0.05,39.15,8.93,0,0.667,253.15,91,97,2R3R,1.05,0.014,0.021,1.59,NA,1.22,48
28,2,VO(OiPr)3,3,Barlan_C1,Barlan_S1,Barlan_L1,TBHP,4,ethyl_acetate,5,1.3723,1.3704,0,0.45,33.67,5.9867,0,0,273.15,93,92,2R3R,1.05,0.014,0.021,1.59,NA,1.22,12
29,2,VO(OiPr)3,3,Barlan_C1,Barlan_S1,Barlan_L1,TBHP,4,toluene,7,1.4961,1.4936,0,0.14,40.2,2.3741,0.857,0,298.15,96,90,2R3R,1.05,0.014,0.021,1.59,NA,1.22,6
30,2,VO(OiPr)3,3,Barlan_C1,Barlan_S1,Barlan_L1,TBHP,4,toluene,7,1.4961,1.4936,0,0.14,40.2,2.3741,0.857,0,298.15,96,92,2R3R,1.05,0.014,0.021,1.59,NA,1.22,6
31,2,VO(OiPr)3,3,Barlan_C1,Barlan_S1,Barlan_L1,TBHP,4,toluene,7,1.4961,1.4936,0,0.14,40.2,2.3741,0.857,0,298.15,95,93,2R3R,1.05,0.014,0.021,1.59,NA,1.22,6
32,2,VO(OiPr)3,3,Barlan_C1,Barlan_S1,Barlan_L1,TBHP,4,toluene,7,1.4961,1.4936,0,0.14,40.2,2.3741,0.857,0,273.15,90,93,2R3R,1.05,0.014,0.021,1.59,NA,1.22,15
33,2,VO(OiPr)3,3,Barlan_C1,Barlan_S1,Barlan_L1,TBHP,4,toluene,7,1.4961,1.4936,0,0.14,40.2,2.3741,0.857,0,273.15,87,94,2R3R,1.05,0.014,0.021,1.59,NA,1.22,15
34,2,VO(OiPr)3,3,Barlan_C1,Barlan_S1,Barlan_L1,TBHP,4,toluene,7,1.4961,1.4936,0,0.14,40.2,2.3741,0.857,0,273.15,84,93,2R3R,1.05,0.014,0.021,1.59,NA,1.22,15
35,2,VO(OiPr)3,3,Barlan_C1,Barlan_S10,Barlan_L2,TBHP,4,dichloromethane,4,1.4242,1.4241,0.1,0.05,39.15,8.93,0,0.667,253.15,64,96,2R3R,1.05,0.014,0.021,1.59,NA,1.22,48
36,2,VO(OiPr)3,3,Barlan_C1,Barlan_S11,Barlan_L2,TBHP,4,dichloromethane,4,1.4242,1.4241,0.1,0.05,39.15,8.93,0,0.667,253.15,61,95,2R3S,1.05,0.014,0.021,1.59,NA,1.22,48
37,2,VO(OiPr)3,3,Barlan_C1,Barlan_S12,Barlan_L3,TBHP,4,dichloromethane,4,1.4242,1.4241,0.1,0.05,39.15,8.93,0,0.667,253.15,68,95,2R3R,1.05,0.014,0.021,1.59,NA,1.22,48
38,2,VO(OiPr)3,3,Barlan_C1,Barlan_S13,Barlan_L3,CHP,1,toluene,7,1.4961,1.4936,0,0.14,40.2,2.3741,0.857,0,273.15,70,96,R,1,0.0052,0.0038,1.5,NA,1.349,12
39,2,VO(OiPr)3,3,Barlan_C1,Barlan_S13,Barlan_L3,CHP,1,toluene,7,1.4961,1.4936,0,0.14,40.2,2.3741,0.857,0,273.15,78,97,R,1,0.0104,0.0125,1.5,NA,1.349,12
40,2,VO(OiPr)3,3,Barlan_C1,Barlan_S14,Barlan_L1,CHP,1,dichloromethane,4,1.4242,1.4241,0.1,0.05,39.15,8.93,0,0.667,273.15,50,93,2R3R,1,0.0104,0.0125,1.5,NA,1.349,12
41,2,VO(OiPr)3,3,Barlan_C1,Barlan_S15,Barlan_L2,CHP,1,dichloromethane,4,1.4242,1.4241,0.1,0.05,39.15,8.93,0,0.667,273.15,71,92,2R3R,1,0.0104,0.0125,1.5,NA,1.349,12
42,2,VO(OiPr)3,3,Barlan_C1,Barlan_S16,Barlan_L1,CHP,1,dichloromethane,4,1.4242,1.4241,0.1,0.05,39.15,8.93,0,0.667,273.15,68,95,2R3R,1,0.0104,0.0125,1.5,NA,1.349,12
43,2,VO(OiPr)3,3,Barlan_C1,Barlan_S17,Barlan_L3,CHP,1,dichloromethane,4,1.4242,1.4241,0.1,0.05,39.15,8.93,0,0.667,273.15,73,94,S,1,0.0104,0.0125,1.5,NA,1.349,12
44,2,VO(OiPr)3,3,Barlan_C1,Barlan_S18,Barlan_L1,CHP,1,toluene,7,1.4961,1.4936,0,0.14,40.2,2.3741,0.857,0,298.15,23,10,NA,1.05,0.0104,0.021,1.5,NA,0.5025,12
45,2,VO(OiPr)3,3,Barlan_C1,Barlan_S18,Barlan_L3,CHP,1,toluene,7,1.4961,1.4936,0,0.14,40.2,2.3741,0.857,0,298.15,48,53,NA,1.05,0.0104,0.021,1.5,NA,0.5025,12
46,2,VO(OiPr)3,3,Barlan_C1,Barlan_S18,Barlan_L2,CHP,1,toluene,7,1.4961,1.4936,0,0.14,40.2,2.3741,0.857,0,298.15,52,71,NA,1.05,0.0104,0.021,1.5,NA,0.5025,12
47,2,VO(OiPr)3,3,Barlan_C1,Barlan_S18,Barlan_L4,CHP,1,toluene,7,1.4961,1.4936,0,0.14,40.2,2.3741,0.857,0,298.15,56,90,NA,1.05,0.0104,0.021,1.5,NA,0.5025,12
48,2,VO(OiPr)3,3,Barlan_C1,Barlan_S18,Barlan_L5,CHP,1,toluene,7,1.4961,1.4936,0,0.14,40.2,2.3741,0.857,0,298.15,60,92,NA,1.05,0.0104,0.021,1.5,NA,0.5025,12
49,2,VO(OiPr)3,3,Barlan_C1,Barlan_S18,Barlan_L6,CHP,1,toluene,7,1.4961,1.4936,0,0.14,40.2,2.3741,0.857,0,298.15,62,96,NA,1.05,0.0104,0.021,1.5,NA,0.5025,12
50,2,VO(OiPr)3,3,Barlan_C1,Barlan_S2,Barlan_L1,TBHP,4,dichloromethane,4,1.4242,1.4241,0.1,0.05,39.15,8.93,0,0.667,253.15,84,97,2R3R,1.05,0.014,0.021,1.59,NA,1.22,48
51,2,VO(OiPr)3,3,Barlan_C1,Barlan_S3,Barlan_L1,TBHP,4,dichloromethane,4,1.4242,1.4241,0.1,0.05,39.15,8.93,0,0.667,253.15,53,97,2R3R,1.05,0.014,0.021,1.59,NA,1.22,60
52,2,VO(OiPr)3,3,Barlan_C1,Barlan_S4,Barlan_L1,TBHP,4,dichloromethane,4,1.4242,1.4241,0.1,0.05,39.15,8.93,0,0.667,253.15,56,95,2R3R,1.05,0.014,0.021,1.59,NA,1.22,72
53,2,VO(OiPr)3,3,Barlan_C1,Barlan_S5,Barlan_L1,TBHP,4,dichloromethane,4,1.4242,1.4241,0.1,0.05,39.15,8.93,0,0.667,253.15,51,95,2R3R,1.05,0.014,0.021,1.59,NA,1.22,72
54,2,VO(OiPr)3,3,Barlan_C1,Barlan_S6,Barlan_L1,TBHP,4,dichloromethane,4,1.4242,1.4241,0.1,0.05,39.15,8.93,0,0.667,273.15,73,95,R,1.05,0.014,0.021,1.59,NA,1.22,12
55,2,VO(OiPr)3,3,Barlan_C1,Barlan_S7,Barlan_L1,TBHP,4,dichloromethane,4,1.4242,1.4241,0.1,0.05,39.15,8.93,0,0.667,253.15,79,95,2R3R,1.05,0.014,0.021,1.59,NA,1.22,48
56,2,VO(OiPr)3,3,Barlan_C1,Barlan_S8,Barlan_L2,TBHP,4,dichloromethane,4,1.4242,1.4241,0.1,0.05,39.15,8.93,0,0.667,273.15,60,95,2R3S,1.05,0.014,0.021,1.59,NA,1.22,72
57,2,VO(OiPr)3,3,Barlan_C1,Barlan_S9,Barlan_L2,TBHP,4,dichloromethane,4,1.4242,1.4241,0.1,0.05,39.15,8.93,0,0.667,253.15,24,97,2R3S,1.05,0.014,0.021,1.59,NA,1.22,120
59,3,VO(OiPr)3,3,Bolm_C1,Bolm_S1,Bolm_L1,CHP,1,toluene,7,1.4961,1.4936,0,0.14,40.2,2.3741,0.857,0,253.15,90,42,NA,0.74,0.037,0.055,1.1,NA,5,72
60,3,VO(OiPr)3,3,Bolm_C1,Bolm_S1,Bolm_L2,CHP,1,toluene,7,1.4961,1.4936,0,0.14,40.2,2.3741,0.857,0,253.15,86,46,NA,0.74,0.037,0.055,1.1,NA,5,72
61,3,VO(OiPr)3,3,Bolm_C1,Bolm_S1,Bolm_L3,CHP,1,toluene,7,1.4961,1.4936,0,0.14,40.2,2.3741,0.857,0,253.15,88,52,NA,0.74,0.037,0.055,1.1,NA,5,72
62,3,VO(OiPr)3,3,Bolm_C1,Bolm_S1,Bolm_L4,CHP,1,toluene,7,1.4961,1.4936,0,0.14,40.2,2.3741,0.857,0,253.15,87,32,NA,0.74,0.037,0.055,1.1,NA,5,72
63,3,VO(OiPr)3,3,Bolm_C1,Bolm_S1,Bolm_L5,CHP,1,toluene,7,1.4961,1.4936,0,0.14,40.2,2.3741,0.857,0,253.15,86,30,NA,0.74,0.037,0.055,1.1,NA,5,72
65,3,VO(OiPr)3,3,Bolm_C1,Bolm_S1,Bolm_L3,CHP,1,toluene,7,1.4961,1.4936,0,0.14,40.2,2.3741,0.857,0,253.15,88,52,NA,0.74,0.037,0.055,1.1,NA,5,72
66,3,VO(OiPr)3,3,Bolm_C1,Bolm_S1,Bolm_L3,MCYHP,3,toluene,7,1.4961,1.4936,0,0.14,40.2,2.3741,0.857,0,253.15,80,54,NA,0.74,0.037,0.055,1.1,NA,5,72
58,3,VO(OiPr)3,3,Bolm_C1,Bolm_S1,Bolm_L3,TBHP,4,toluene,7,1.4961,1.4936,0,0.14,40.2,2.3741,0.857,0,253.15,88,67,NA,0.74,0.037,0.041,1.1,NA,5,72
67,3,VO(OiPr)3,3,Bolm_C1,Bolm_S1,Bolm_L3,TBHP,4,toluene,7,1.4961,1.4936,0,0.14,40.2,2.3741,0.857,0,253.15,85,71,NA,0.74,0.037,0.055,1.1,NA,5,72
68,3,VO(OiPr)3,3,Bolm_C1,Bolm_S1,Bolm_L3,TBHP,4,toluene,7,1.4961,1.4936,0,0.14,40.2,2.3741,0.857,0,298.15,87,48,NA,0.74,0.037,0.055,1.1,NA,5,24
69,3,VO(OiPr)3,3,Bolm_C1,Bolm_S1,Bolm_L3,TBHP,4,toluene,7,1.4961,1.4936,0,0.14,40.2,2.3741,0.857,0,273.15,83,64,NA,0.74,0.037,0.055,1.1,NA,5,48
70,3,VO(OiPr)3,3,Bolm_C1,Bolm_S1,Bolm_L3,TBHP,4,toluene,7,1.4961,1.4936,0,0.14,40.2,2.3741,0.857,0,233.15,67,70,NA,0.74,0.037,0.055,1.1,NA,5,96
71,3,VO(OiPr)3,3,Bolm_C1,Bolm_S1,Bolm_L3,TBHP,4,toluene,7,1.4961,1.4936,0,0.14,40.2,2.3741,0.857,0,213.15,32,64,NA,0.74,0.037,0.055,1.1,NA,5,120
72,3,VO(OiPr)3,3,Bolm_C1,Bolm_S1,Bolm_L3,TBHP,4,toluene,7,1.4961,1.4936,0,0.14,40.2,2.3741,0.857,0,253.15,85,71,SS,0.74,0.037,0.055,1.1,NA,5,72
73,3,VO(OiPr)3,3,Bolm_C1,Bolm_S1,Bolm_L3,TBHP,4,toluene,7,1.4961,1.4936,0,0.14,40.2,2.3741,0.857,0,253.15,0,0,NA,0.74,0.037,0.111,1.1,NA,5,72
64,3,VO(OiPr)3,3,Bolm_C1,Bolm_S1,Bolm_L3,TrOOH,5,toluene,7,1.4961,1.4936,0,0.14,40.2,2.3741,0.857,0,253.15,66,41,NA,0.74,0.037,0.055,1.1,NA,5,72
74,3,VO(OiPr)3,3,Bolm_C1,Bolm_S2,Bolm_L3,TBHP,4,toluene,7,1.4961,1.4936,0,0.14,40.2,2.3741,0.857,0,253.15,87,38,SS,0.74,0.037,0.055,1.1,NA,5,72
75,3,VO(OiPr)3,3,Bolm_C1,Bolm_S3,Bolm_L3,TBHP,4,toluene,7,1.4961,1.4936,0,0.14,40.2,2.3741,0.857,0,253.15,73,55,SS,0.74,0.037,0.055,1.1,NA,5,72
76,3,VO(OiPr)3,3,Bolm_C1,Bolm_S4,Bolm_L3,TBHP,4,toluene,7,1.4961,1.4936,0,0.14,40.2,2.3741,0.857,0,253.15,77,41,SR,0.74,0.037,0.055,1.1,NA,5,72
77,3,VO(OiPr)3,3,Bolm_C1,Bolm_S5,Bolm_L3,TBHP,4,toluene,7,1.4961,1.4936,0,0.14,40.2,2.3741,0.857,0,253.15,89,45,SS,0.74,0.037,0.055,1.1,NA,5,72
78,3,VO(OiPr)3,3,Bolm_C1,Bolm_S6,Bolm_L3,TBHP,4,toluene,7,1.4961,1.4936,0,0.14,40.2,2.3741,0.857,0,253.15,74,44,SR,0.74,0.037,0.055,1.1,NA,5,72
79,4,VO(OiPr)3,3,Bourhani_C1,Bourhani_S1,Bourhani_L1,TBHP,4,toluene,7,1.4961,1.4936,0,0.14,40.2,2.3741,0.857,0,253.15,95,64,SS,1,0.022,0.022,1.5,NA,3,20
80,4,VO(OiPr)3,3,Bourhani_C1,Bourhani_S1,Bourhani_L2,TBHP,4,toluene,7,1.4961,1.4936,0,0.14,40.2,2.3741,0.857,0,253.15,93,66,SS,1,0.022,0.022,1.5,NA,3,20
81,4,VO(OiPr)3,3,Bourhani_C1,Bourhani_S1,Bourhani_L3,TBHP,4,toluene,7,1.4961,1.4936,0,0.14,40.2,2.3741,0.857,0,273.15,97,54,RR,1,0.022,0.022,1.5,NA,3,20
82,4,VO(OiPr)3,3,Bourhani_C1,Bourhani_S1,Bourhani_L1,TBHP,4,water,8,1.3328,1.3323,0,0,0,78.355,0,0,273.15,73,60,SS,1,0.022,0.022,1.5,NA,3,20
83,4,VO(OiPr)3,3,Bourhani_C1,Bourhani_S1,Bourhani_L2,TBHP,4,water,8,1.3328,1.3323,0,0,0,78.355,0,0,273.15,52,32,SS,1,0.022,0.022,1.5,NA,3,20
84,4,VO(OiPr)3,3,Bourhani_C1,Bourhani_S1,Bourhani_L3,TBHP,4,water,8,1.3328,1.3323,0,0,0,78.355,0,0,273.15,22,60,RR,1,0.022,0.022,1.5,NA,3,20
85,4,VO(OiPr)3,3,Bourhani_C1,Bourhani_S2,Bourhani_L1,TBHP,4,toluene,7,1.4961,1.4936,0,0.14,40.2,2.3741,0.857,0,253.15,90,62,SS,1,0.022,0.022,1.5,NA,3,20
86,4,VO(OiPr)3,3,Bourhani_C1,Bourhani_S2,Bourhani_L2,TBHP,4,toluene,7,1.4961,1.4936,0,0.14,40.2,2.3741,0.857,0,253.15,87,51,SS,1,0.022,0.022,1.5,NA,3,20
87,4,VO(OiPr)3,3,Bourhani_C1,Bourhani_S2,Bourhani_L3,TBHP,4,toluene,7,1.4961,1.4936,0,0.14,40.2,2.3741,0.857,0,273.15,89,78,RR,1,0.022,0.022,1.5,NA,3,20
88,4,VO(OiPr)3,3,Bourhani_C1,Bourhani_S2,Bourhani_L1,TBHP,4,water,8,1.3328,1.3323,0,0,0,78.355,0,0,273.15,79,59,SS,1,0.022,0.022,1.5,NA,3,20
89,4,VO(OiPr)3,3,Bourhani_C1,Bourhani_S2,Bourhani_L2,TBHP,4,water,8,1.3328,1.3323,0,0,0,78.355,0,0,273.15,73,46,SS,1,0.022,0.022,1.5,NA,3,20
90,4,VO(OiPr)3,3,Bourhani_C1,Bourhani_S2,Bourhani_L3,TBHP,4,water,8,1.3328,1.3323,0,0,0,78.355,0,0,273.15,13,78,RR,1,0.022,0.022,1.5,NA,3,20
91,5,VO(acac)2,2,Bryliakov_C1,Bryliakov_S1,Bryliakov_L1,TBHP,4,ACN,2,1.3442,1.3416,0.07,0.32,41.25,35.688,0,0,293.15,4,3,NA,0.2,0.004,0.025,0.3,NA,2,120
92,5,VO(acac)2,2,Bryliakov_C1,Bryliakov_S1,Bryliakov_L1,TBHP,4,chloroform,3,1.4459,1.4431,0.15,0.02,38.39,4.7113,0,0.75,293.15,90,18,NA,0.2,0.004,0.025,0.3,NA,2,24
93,5,VO(acac)2,2,Bryliakov_C1,Bryliakov_S1,Bryliakov_L1,TBHP,4,dichloromethane,4,1.4242,1.4241,0.1,0.05,39.15,8.93,0,0.667,293.15,92,26,NA,0.2,0.004,0.025,0.3,NA,2,24
94,5,VO(acac)2,2,Bryliakov_C1,Bryliakov_S1,Bryliakov_L1,TBHP,4,toluene,7,1.4961,1.4936,0,0.14,40.2,2.3741,0.857,0,293.15,96,36,NA,0.2,0.004,0.01,0.3,NA,2,24
95,5,VO(acac)2,2,Bryliakov_C1,Bryliakov_S1,Bryliakov_L1,TBHP,4,toluene,7,1.4961,1.4936,0,0.14,40.2,2.3741,0.857,0,293.15,97,56,NA,0.2,0.004,0.025,0.3,NA,2,24
96,5,VO(acac)2,2,Bryliakov_C1,Bryliakov_S1,Bryliakov_L1,TBHP,4,toluene,7,1.4961,1.4936,0,0.14,40.2,2.3741,0.857,0,313.15,97,40,NA,0.2,0.004,0.025,0.3,NA,2,8
97,5,VO(acac)2,2,Bryliakov_C1,Bryliakov_S1,Bryliakov_L1,TBHP,4,toluene,7,1.4961,1.4936,0,0.14,40.2,2.3741,0.857,0,273.15,95,42,NA,0.2,0.004,0.025,0.3,NA,2,72
98,5,VO(acac)2,2,Bryliakov_C1,Bryliakov_S1,Bryliakov_L1,TBHP,4,toluene,7,1.4961,1.4936,0,0.14,40.2,2.3741,0.857,0,255.15,95,39,NA,0.2,0.004,0.025,0.3,NA,2,120
99,5,VO(acac)2,2,Bryliakov_C1,Bryliakov_S1,Bryliakov_L1,TBHP,4,toluene,7,1.4961,1.4936,0,0.14,40.2,2.3741,0.857,0,293.15,97,55,NA,0.2,0.004,0.036,0.3,NA,2,24
100,5,VO(acac)2,2,Bryliakov_C1,Bryliakov_S1,Bryliakov_L1,TBHP,4,toluene,7,1.4961,1.4936,0,0.14,40.2,2.3741,0.857,0,293.15,97,56,NA,0.2,0.004,0.05,0.3,NA,2,24
101,5,VO(acac)2,2,Bryliakov_C1,Bryliakov_S1,NA,TBHP,4,toluene,7,1.4961,1.4936,0,0.14,40.2,2.3741,0.857,0,293.15,55,4,NA,0.2,0.004,NA,0.3,NA,2,49
102,5,VO(acac)2,2,Bryliakov_C1,Bryliakov_S1,Bryliakov_L1,TBHP,4,toluene,7,1.4961,1.4936,0,0.14,40.2,2.3741,0.857,0,293.15,95,41,NA,0.2,0.01,0.062,0.3,NA,2,51
103,5,VO(acac)2,2,Bryliakov_C1,Bryliakov_S1,Bryliakov_L1,TBHP,4,toluene,7,1.4961,1.4936,0,0.14,40.2,2.3741,0.857,0,293.15,48,8,NA,0.2,0.04,0.25,0.3,NA,2,120
104,5,VO(acac)2,2,Bryliakov_C1,Bryliakov_S1,Bryliakov_L1,TBHP,4,toluene,7,1.4961,1.4936,0,0.14,40.2,2.3741,0.857,0,293.15,37,3,NA,0.2,0.1,0.25,0.3,NA,2,120
105,6,VO(acac)2,2,Ghaffari_C0,Ghaffari_S1,Ghaffari_L1,TBHP,4,ACN,2,1.3442,1.3416,0.07,0.32,41.25,35.688,0,0,353.15,56,NA,NA,1.5,0.015,NA,3,NA,20,24
106,6,VO(acac)2,2,Ghaffari_C0,Ghaffari_S1,Ghaffari_L2,TBHP,4,ACN,2,1.3442,1.3416,0.07,0.32,41.25,35.688,0,0,353.15,41,NA,NA,1.5,0.015,NA,3,NA,20,24
107,6,VO(acac)2,2,Ghaffari_C0,Ghaffari_S1,Ghaffari_L3,TBHP,4,ACN,2,1.3442,1.3416,0.07,0.32,41.25,35.688,0,0,353.15,65,NA,NA,1.5,0.015,NA,3,NA,20,24
108,6,VO(acac)2,2,Ghaffari_C0,Ghaffari_S1,Ghaffari_L4,TBHP,4,ACN,2,1.3442,1.3416,0.07,0.32,41.25,35.688,0,0,353.15,48,NA,NA,1.5,0.015,NA,3,NA,20,24
109,6,VO(acac)2,2,Ghaffari_C0,Ghaffari_S1,Ghaffari_L5,TBHP,4,ACN,2,1.3442,1.3416,0.07,0.32,41.25,35.688,0,0,353.15,67,NA,NA,1.5,0.015,NA,3,NA,20,24
110,6,VO(acac)2,2,Ghaffari_C0,Ghaffari_S1,Ghaffari_L6,TBHP,4,ACN,2,1.3442,1.3416,0.07,0.32,41.25,35.688,0,0,353.15,42,NA,NA,1.5,0.015,NA,3,NA,20,24
111,6,VO(acac)2,2,Ghaffari_C0,Ghaffari_S1,Ghaffari_L7,TBHP,4,ACN,2,1.3442,1.3416,0.07,0.32,41.25,35.688,0,0,353.15,48,NA,NA,1.5,0.015,NA,3,NA,20,24
112,7,VO(acac)2,2,Han_C1,Han_S1,Han_L1,TBHP,4,toluene,7,1.4961,1.4936,0,0.14,40.2,2.3741,0.857,0,273.15,63,61,NA,0.5,0.01,0.012,0.75,NA,1,14
113,7,VO(acac)2,2,Han_C1,Han_S2,Han_L1,TBHP,4,toluene,7,1.4961,1.4936,0,0.14,40.2,2.3741,0.857,0,273.15,66,43,NA,0.5,0.01,0.012,0.75,NA,1,12
114,7,VO(acac)2,2,Han_C1,Han_S3,Han_L1,TBHP,4,toluene,7,1.4961,1.4936,0,0.14,40.2,2.3741,0.857,0,273.15,62,82,NA,0.5,0.01,0.012,0.75,NA,1,12
115,7,VO(acac)2,2,Han_C1,Han_S3,Han_L1,TBHP,4,toluene,7,1.4961,1.4936,0,0.14,40.2,2.3741,0.857,0,273.15,62,82,NA,0.5,0.01,0.012,0.75,NA,1,12
116,7,VO(acac)2,2,Han_C1,Han_S3,Han_L2,TBHP,4,toluene,7,1.4961,1.4936,0,0.14,40.2,2.3741,0.857,0,273.15,22,62,NA,0.5,0.01,0.012,0.75,NA,1,24
117,7,VO(acac)2,2,Han_C1,Han_S3,Han_L3,TBHP,4,toluene,7,1.4961,1.4936,0,0.14,40.2,2.3741,0.857,0,273.15,26,66,NA,0.5,0.01,0.012,0.75,NA,1,24
118,7,VO(acac)2,2,Han_C1,Han_S3,Han_L4,TBHP,4,toluene,7,1.4961,1.4936,0,0.14,40.2,2.3741,0.857,0,273.15,50,60,NA,0.5,0.01,0.012,0.75,NA,1,24
119,7,VO(acac)2,2,Han_C1,Han_S3,Han_L5,TBHP,4,toluene,7,1.4961,1.4936,0,0.14,40.2,2.3741,0.857,0,273.15,43,67,NA,0.5,0.01,0.012,0.75,NA,1,24
120,7,VO(acac)2,2,Han_C1,Han_S3,Han_L1,TBHP,4,toluene,7,1.4961,1.4936,0,0.14,40.2,2.3741,0.857,0,263.15,70,87,NA,0.5,0.01,0.012,0.75,NA,1,24
121,7,VO(acac)2,2,Han_C1,Han_S3,Han_L1,TBHP,4,toluene,7,1.4961,1.4936,0,0.14,40.2,2.3741,0.857,0,243.15,49,87,NA,0.5,0.01,0.012,0.75,NA,1,36
122,7,VO(acac)2,2,Han_C1,Han_S4,Han_L1,TBHP,4,toluene,7,1.4961,1.4936,0,0.14,40.2,2.3741,0.857,0,273.15,79,80,NA,0.5,0.01,0.012,0.75,NA,1,18
123,7,VO(acac)2,2,Han_C1,Han_S5,Han_L1,TBHP,4,toluene,7,1.4961,1.4936,0,0.14,40.2,2.3741,0.857,0,273.15,56,10,NA,0.5,0.01,0.012,0.75,NA,1,18
124,7,VO(acac)2,2,Han_C1,Han_S6,Han_L1,TBHP,4,toluene,7,1.4961,1.4936,0,0.14,40.2,2.3741,0.857,0,273.15,0,0,NA,0.5,0.01,0.012,0.75,NA,1,18
132,8,VO(OiPr)3,3,Makita_C1,Makita_S1,Makita_L7,CHP,1,toluene,7,1.4961,1.4936,0,0.14,40.2,2.3741,0.857,0,273.15,48,44,NA,1,0.02,0.06,1,NA,1.472,11
133,8,VO(OiPr)3,3,Makita_C1,Makita_S1,Makita_L7,CHP,1,toluene,7,1.4961,1.4936,0,0.14,40.2,2.3741,0.857,0,273.15,41,52,NA,1,0.02,0.06,1,NA,1.472,11
125,8,VO(OiPr)3,3,Makita_C1,Makita_S1,Makita_L1,TBHP,4,toluene,7,1.4961,1.4936,0,0.14,40.2,2.3741,0.857,0,273.15,43,6,NA,1,0.02,0.06,1,NA,1.472,11
126,8,VO(OiPr)3,3,Makita_C1,Makita_S1,Makita_L2,TBHP,4,toluene,7,1.4961,1.4936,0,0.14,40.2,2.3741,0.857,0,273.15,49,6,NA,1,0.02,0.06,1,NA,1.472,11
127,8,VO(OiPr)3,3,Makita_C1,Makita_S1,Makita_L3,TBHP,4,toluene,7,1.4961,1.4936,0,0.14,40.2,2.3741,0.857,0,273.15,34,2,NA,1,0.02,0.06,1,NA,1.472,11
128,8,VO(OiPr)3,3,Makita_C1,Makita_S1,Makita_L4,TBHP,4,toluene,7,1.4961,1.4936,0,0.14,40.2,2.3741,0.857,0,273.15,37,1,NA,1,0.02,0.06,1,NA,1.472,11
129,8,VO(OiPr)3,3,Makita_C1,Makita_S1,Makita_L5,TBHP,4,toluene,7,1.4961,1.4936,0,0.14,40.2,2.3741,0.857,0,273.15,0,0,NA,1,0.02,0.06,1,NA,1.472,11
130,8,VO(OiPr)3,3,Makita_C1,Makita_S1,Makita_L6,TBHP,4,toluene,7,1.4961,1.4936,0,0.14,40.2,2.3741,0.857,0,273.15,41,7,NA,1,0.02,0.06,1,NA,1.472,11
131,8,VO(OiPr)3,3,Makita_C1,Makita_S1,Makita_L7,TBHP,4,toluene,7,1.4961,1.4936,0,0.14,40.2,2.3741,0.857,0,273.15,24,23,NA,1,0.02,0.06,1,NA,1.472,11
134,8,VO(OiPr)3,3,Makita_C1,Makita_S1,Makita_L8,TBHP,4,toluene,7,1.4961,1.4936,0,0.14,40.2,2.3741,0.857,0,273.15,35,8,NA,1,0.02,0.06,1,NA,1.472,11
135,8,VO(OiPr)3,3,Makita_C1,Makita_S1,Makita_L9,TBHP,4,toluene,7,1.4961,1.4936,0,0.14,40.2,2.3741,0.857,0,273.15,37,1,NA,1,0.02,0.06,1,NA,1.472,11
136,8,VO(OiPr)3,3,Makita_C1,Makita_S10,Makita_L7,CHP,1,toluene,7,1.4961,1.4936,0,0.14,40.2,2.3741,0.857,0,273.15,70,89,NA,1,0.02,0.06,1,NA,1.472,10
137,8,VO(OiPr)3,3,Makita_C1,Makita_S11,Makita_L7,CHP,1,toluene,7,1.4961,1.4936,0,0.14,40.2,2.3741,0.857,0,273.15,42,91,NA,1,0.02,0.06,1,NA,1.472,10
138,8,VO(OiPr)3,3,Makita_C1,Makita_S2,Makita_L5,CHP,1,toluene,7,1.4961,1.4936,0,0.14,40.2,2.3741,0.857,0,273.15,58,84,NA,1,0.02,0.06,1,NA,1.472,11
139,8,VO(OiPr)3,3,Makita_C1,Makita_S2,Makita_L10,CHP,1,toluene,7,1.4961,1.4936,0,0.14,40.2,2.3741,0.857,0,273.15,69,85,NA,1,0.02,0.06,1,NA,1.472,11
140,8,VO(OiPr)3,3,Makita_C1,Makita_S2,Makita_L11,CHP,1,toluene,7,1.4961,1.4936,0,0.14,40.2,2.3741,0.857,0,273.15,45,85,NA,1,0.02,0.06,1,NA,1.472,11
141,8,VO(OiPr)3,3,Makita_C1,Makita_S2,Makita_L12,CHP,1,toluene,7,1.4961,1.4936,0,0.14,40.2,2.3741,0.857,0,273.15,31,85,NA,1,0.02,0.06,1,NA,1.472,11
142,8,VO(OiPr)3,3,Makita_C1,Makita_S2,Makita_L13,CHP,1,toluene,7,1.4961,1.4936,0,0.14,40.2,2.3741,0.857,0,273.15,23,82,NA,1,0.02,0.06,1,NA,1.472,11
143,8,VO(OiPr)3,3,Makita_C1,Makita_S2,Makita_L14,CHP,1,toluene,7,1.4961,1.4936,0,0.14,40.2,2.3741,0.857,0,273.15,68,85,NA,1,0.02,0.06,1,NA,1.472,11
144,8,VO(OiPr)3,3,Makita_C1,Makita_S2,Makita_L15,CHP,1,toluene,7,1.4961,1.4936,0,0.14,40.2,2.3741,0.857,0,273.15,44,87,NA,1,0.02,0.06,1,NA,1.472,11
145,8,VO(OiPr)3,3,Makita_C1,Makita_S2,Makita_L16,CHP,1,toluene,7,1.4961,1.4936,0,0.14,40.2,2.3741,0.857,0,273.15,4,70,NA,1,0.02,0.06,1,NA,1.472,11
146,8,VO(OiPr)3,3,Makita_C1,Makita_S2,Makita_L17,CHP,1,toluene,7,1.4961,1.4936,0,0.14,40.2,2.3741,0.857,0,273.15,36,42,NA,1,0.02,0.06,1,NA,1.472,11
147,8,VO(OiPr)3,3,Makita_C1,Makita_S3,Makita_L7,CHP,1,toluene,7,1.4961,1.4936,0,0.14,40.2,2.3741,0.857,0,273.15,25,40,NA,1,0.02,0.06,1,NA,1.472,10
148,8,VO(OiPr)3,3,Makita_C1,Makita_S4,Makita_L7,CHP,1,toluene,7,1.4961,1.4936,0,0.14,40.2,2.3741,0.857,0,273.15,24,46,NA,1,0.02,0.06,1,NA,1.472,10
149,8,VO(OiPr)3,3,Makita_C1,Makita_S5,Makita_L7,CHP,1,toluene,7,1.4961,1.4936,0,0.14,40.2,2.3741,0.857,0,273.15,67,36,NA,1,0.02,0.06,1,NA,1.472,10
150,8,VO(OiPr)3,3,Makita_C1,Makita_S6,Makita_L7,CHP,1,toluene,7,1.4961,1.4936,0,0.14,40.2,2.3741,0.857,0,273.15,61,74,NA,1,0.02,0.06,1,NA,1.472,10
151,8,VO(OiPr)3,3,Makita_C1,Makita_S7,Makita_L7,CHP,1,toluene,7,1.4961,1.4936,0,0.14,40.2,2.3741,0.857,0,273.15,58,84,NA,1,0.02,0.06,1,NA,1.472,10
152,8,VO(OiPr)3,3,Makita_C1,Makita_S8,Makita_L7,CHP,1,toluene,7,1.4961,1.4936,0,0.14,40.2,2.3741,0.857,0,273.15,77,90,NA,1,0.02,0.06,1,NA,1.472,10
153,8,VO(OiPr)3,3,Makita_C1,Makita_S9,Makita_L7,CHP,1,toluene,7,1.4961,1.4936,0,0.14,40.2,2.3741,0.857,0,273.15,89,90,NA,1,0.02,0.06,1,NA,1.472,10
154,9,VOSO4,5,Malkov_C1,Malkov_S1,Malkov_L3,TBHP,4,toluene,7,1.4961,1.4936,0,0.14,40.2,2.3741,0.857,0,253.15,78,58,NA,1,0.05,0.055,1.55,NA,3.15,12
155,9,VOSO4,5,Malkov_C1,Malkov_S1,Malkov_L1,TBHP,4,water,8,1.3328,1.3323,0,0,0,78.355,0,0,273.15,69,59,NA,1,0.02,0.022,1.55,NA,3.15,48
156,9,VOSO4,5,Malkov_C1,Malkov_S1,Malkov_L2,TBHP,4,water,8,1.3328,1.3323,0,0,0,78.355,0,0,273.15,63,66,NA,1,0.02,0.022,1.55,NA,3.15,48
157,9,VOSO4,5,Malkov_C1,Malkov_S1,Malkov_L3,TBHP,4,water,8,1.3328,1.3323,0,0,0,78.355,0,0,273.15,73,82,NA,1,0.02,0.022,1.55,NA,3.15,48
158,9,VOSO4,5,Malkov_C1,Malkov_S1,Malkov_L2,TBHP,4,water,8,1.3328,1.3323,0,0,0,78.355,0,0,273.15,89,74,NA,1,0.05,0.055,1.55,NA,3.15,12
159,9,VOSO4,5,Malkov_C1,Malkov_S1,Malkov_L3,TBHP,4,water,8,1.3328,1.3323,0,0,0,78.355,0,0,273.15,95,85,NA,1,0.05,0.055,1.55,NA,3.15,12
160,9,VOSO4,5,Malkov_C1,Malkov_S1,Malkov_L3,TBHP,4,water,8,1.3328,1.3323,0,0,0,78.355,0,0,273.15,98,90,SS,1,0.05,0.1,1.55,NA,3.15,24
161,9,VOSO4,5,Malkov_C1,Malkov_S1,Malkov_L3,TBHP,4,water,8,1.3328,1.3323,0,0,0,78.355,0,0,273.15,94,87,NA,1,0.07,0.077,1.55,NA,3.15,12
162,9,VOSO4,5,Malkov_C1,Malkov_S10,Malkov_L3,TBHP,4,water,8,1.3328,1.3323,0,0,0,78.355,0,0,273.15,92,94,SS,1,0.05,0.055,1.55,NA,3.15,24
163,9,VOSO4,5,Malkov_C1,Malkov_S11,Malkov_L3,TBHP,4,water,8,1.3328,1.3323,0,0,0,78.355,0,0,253.15,69,69,SS,1,0.05,0.055,1.55,NA,3.15,48
164,9,VOSO4,5,Malkov_C1,Malkov_S12,Malkov_L3,TBHP,4,water,8,1.3328,1.3323,0,0,0,78.355,0,0,273.15,52,56,NA,1,0.05,0.055,1.55,NA,3.15,24
165,9,VOSO4,5,Malkov_C1,Malkov_S13,Malkov_L3,TBHP,4,water,8,1.3328,1.3323,0,0,0,78.355,0,0,273.15,42,70,RR,1,0.05,0.055,1.55,NA,3.15,24
166,9,VOSO4,5,Malkov_C1,Malkov_S2,Malkov_L1,TBHP,4,water,8,1.3328,1.3323,0,0,0,78.355,0,0,273.15,24,20,NA,1,0.02,0.022,1.55,NA,3.15,12
167,9,VOSO4,5,Malkov_C1,Malkov_S2,Malkov_L3,TBHP,4,water,8,1.3328,1.3323,0,0,0,78.355,0,0,273.15,8,84,NA,1,0.05,0.055,1.55,NA,3.15,12
168,9,VOSO4,5,Malkov_C1,Malkov_S3,Malkov_L3,TBHP,4,water,8,1.3328,1.3323,0,0,0,78.355,0,0,273.15,75,83,SS,1,0.05,0.1,1.55,NA,3.15,24
169,9,VOSO4,5,Malkov_C1,Malkov_S4,Malkov_L3,TBHP,4,water,8,1.3328,1.3323,0,0,0,78.355,0,0,273.15,90,85,SS,1,0.05,0.055,1.55,NA,3.15,24
170,9,VOSO4,5,Malkov_C1,Malkov_S5,Malkov_L3,TBHP,4,water,8,1.3328,1.3323,0,0,0,78.355,0,0,273.15,61,87,SS,1,0.05,0.055,1.55,NA,3.15,24
171,9,VOSO4,5,Malkov_C1,Malkov_S6,Malkov_L3,TBHP,4,water,8,1.3328,1.3323,0,0,0,78.355,0,0,273.15,60,87,SS,1,0.05,0.055,1.55,NA,3.15,24
172,9,VOSO4,5,Malkov_C1,Malkov_S7,Malkov_L3,TBHP,4,water,8,1.3328,1.3323,0,0,0,78.355,0,0,273.15,65,84,SS,1,0.05,0.055,1.55,NA,3.15,24
173,9,VOSO4,5,Malkov_C1,Malkov_S8,Malkov_L3,TBHP,4,water,8,1.3328,1.3323,0,0,0,78.355,0,0,273.15,97,91,NA,1,0.05,0.055,1.55,NA,3.15,24
174,9,VOSO4,5,Malkov_C1,Malkov_S9,Malkov_L3,TBHP,4,water,8,1.3328,1.3323,0,0,0,78.355,0,0,273.15,71,78,NA,1,0.05,0.055,1.55,NA,3.15,24
175,10,VO(acac)2,2,Michaelson_C1,Michaelson_S1,Michaelson_L3,TBHP,4,toluene,7,1.4961,1.4936,0,0.14,40.2,2.3741,0.857,0,273.15,70,5,NA,1,0.0094,0.0282,0.0188,NA,20,2
176,10,VO(acac)2,2,Michaelson_C1,Michaelson_S1,Michaelson_L2,TBHP,4,toluene,7,1.4961,1.4936,0,0.14,40.2,2.3741,0.857,0,298.15,100,19,NA,1,0.0094,0.0376,0.0188,NA,20,2
177,10,VO(acac)2,2,Michaelson_C1,Michaelson_S1,Michaelson_L2,TBHP,4,toluene,7,1.4961,1.4936,0,0.14,40.2,2.3741,0.857,0,298.15,100,17.5,NA,1,0.0094,0.0376,0.0188,NA,20,2
178,10,VO(acac)2,2,Michaelson_C1,Michaelson_S1,Michaelson_L3,TBHP,4,toluene,7,1.4961,1.4936,0,0.14,40.2,2.3741,0.857,0,273.15,55,19,NA,1,0.0094,0.0376,0.0188,NA,20,2
179,10,VO(acac)2,2,Michaelson_C1,Michaelson_S1,Michaelson_L1,TBHP,4,toluene,7,1.4961,1.4936,0,0.14,40.2,2.3741,0.857,0,298.15,83,17,NA,1,0.0094,0.047,0.0188,NA,20,2
180,10,VO(acac)2,2,Michaelson_C1,Michaelson_S1,Michaelson_L2,TBHP,4,toluene,7,1.4961,1.4936,0,0.14,40.2,2.3741,0.857,0,298.15,86,30,NA,1,0.0094,0.047,0.0188,NA,20,2
181,10,VO(acac)2,2,Michaelson_C1,Michaelson_S1,Michaelson_L2,TBHP,4,toluene,7,1.4961,1.4936,0,0.14,40.2,2.3741,0.857,0,195.15,0,0,NA,1,0.0094,0.047,0.0188,NA,20,2
182,10,VO(acac)2,2,Michaelson_C1,Michaelson_S1,Michaelson_L3,TBHP,4,toluene,7,1.4961,1.4936,0,0.14,40.2,2.3741,0.857,0,273.15,0,0,NA,1,0.0094,0.047,0.0188,NA,20,2
183,10,VO(acac)2,2,Michaelson_C1,Michaelson_S1,Michaelson_L2,TBHP,4,toluene,7,1.4961,1.4936,0,0.14,40.2,2.3741,0.857,0,298.15,10,10,NA,1,0.0094,0.0658,0.0188,NA,20,2
184,10,VO(acac)2,2,Michaelson_C1,Michaelson_S2,Michaelson_L2,TBHP,4,toluene,7,1.4961,1.4936,0,0.14,40.2,2.3741,0.857,0,298.15,100,8,NA,1,0.0094,0.0094,0.0188,NA,20,2
185,10,VO(acac)2,2,Michaelson_C1,Michaelson_S2,Michaelson_L2,TBHP,4,toluene,7,1.4961,1.4936,0,0.14,40.2,2.3741,0.857,0,298.15,100,8,NA,1,0.0094,0.0188,0.0188,NA,20,2
186,10,VO(acac)2,2,Michaelson_C1,Michaelson_S2,Michaelson_L1,TBHP,4,toluene,7,1.4961,1.4936,0,0.14,40.2,2.3741,0.857,0,298.15,100,10,NA,1,0.0094,0.0282,0.0188,NA,20,2
187,10,VO(acac)2,2,Michaelson_C1,Michaelson_S2,Michaelson_L2,TBHP,4,toluene,7,1.4961,1.4936,0,0.14,40.2,2.3741,0.857,0,298.15,100,22.5,NA,1,0.0094,0.0282,0.0188,NA,20,2
188,10,VO(acac)2,2,Michaelson_C1,Michaelson_S2,Michaelson_L1,TBHP,4,toluene,7,1.4961,1.4936,0,0.14,40.2,2.3741,0.857,0,298.15,80,21,NA,1,0.0094,0.047,0.0188,NA,20,2
189,10,VO(acac)2,2,Michaelson_C1,Michaelson_S2,Michaelson_L2,TBHP,4,toluene,7,1.4961,1.4936,0,0.14,40.2,2.3741,0.857,0,298.15,30,50,NA,1,0.0094,0.047,0.0188,NA,20,2
190,10,VO(acac)2,2,Michaelson_C1,Michaelson_S2,Michaelson_L2,TBHP,4,toluene,7,1.4961,1.4936,0,0.14,40.2,2.3741,0.857,0,298.15,84,40,NA,1,0.0094,0.047,0.0188,NA,20,2
191,10,VO(acac)2,2,Michaelson_C1,Michaelson_S2,Michaelson_L1,TBHP,4,toluene,7,1.4961,1.4936,0,0.14,40.2,2.3741,0.857,0,298.15,22,18,NA,1,0.0094,0.094,0.0188,NA,20,2
192,10,VO(acac)2,2,Michaelson_C1,Michaelson_S3,Michaelson_L2,TBHP,4,toluene,7,1.4961,1.4936,0,0.14,40.2,2.3741,0.857,0,298.15,87,40,NA,1,0.0094,0.047,0.0188,NA,20,2
193,10,VO(acac)2,2,Michaelson_C1,Michaelson_S3,Michaelson_L2,TBHP,4,toluene,7,1.4961,1.4936,0,0.14,40.2,2.3741,0.857,0,263.15,75,44,NA,1,0.0094,0.047,0.0188,NA,20,2
194,11,VO(acac)2,2,Monfared_C0,Monfared_S1,Monfared_L1,H2O2,2,ACN,2,1.3442,1.3416,0.07,0.32,41.25,35.688,0,0,333.15,90,90,NA,1,0.0025,NA,1,NA,4,4
195,11,VO(acac)2,2,Monfared_C0,Monfared_S2,Monfared_L1,H2O2,2,ACN,2,1.3442,1.3416,0.07,0.32,41.25,35.688,0,0,333.15,29,92,NA,1,0.0025,NA,1,NA,4,4
196,11,VO(acac)2,2,Monfared_C0,Monfared_S3,Monfared_L1,H2O2,2,ACN,2,1.3442,1.3416,0.07,0.32,41.25,35.688,0,0,333.15,81,97,NA,1,0.0025,NA,1,NA,4,4
197,11,VO(acac)2,2,Monfared_C0,Monfared_S4,Monfared_L1,H2O2,2,ACN,2,1.3442,1.3416,0.07,0.32,41.25,35.688,0,0,333.15,74,98,NA,1,0.0025,NA,1,NA,4,4
198,11,VO(acac)2,2,Monfared_C0,Monfared_S5,Monfared_L1,H2O2,2,ACN,2,1.3442,1.3416,0.07,0.32,41.25,35.688,0,0,333.15,25,25,NA,1,0.0025,NA,1,NA,4,4
199,11,VO(acac)2,2,Monfared_C0,Monfared_S6,Monfared_L1,H2O2,2,ACN,2,1.3442,1.3416,0.07,0.32,41.25,35.688,0,0,333.15,69,74,NA,1,0.0025,NA,1,NA,4,4
200,11,VO(acac)2,2,Monfared_C0,Monfared_S7,Monfared_L1,H2O2,2,ACN,2,1.3442,1.3416,0.07,0.32,41.25,35.688,0,0,333.15,75,75,NA,1,0.0025,NA,1,NA,4,4
201,12,VO(acac)2,2,Murase_C1,Murase_S1,Murase_L1,CHP,1,toluene,7,1.4961,1.4936,0,0.14,40.2,2.3741,0.857,0,273.15,80,25,2S3S,0.254,0.0032,0.0095,0.381,NA,2,144
202,12,VO(acac)2,2,Murase_C1,Murase_S1,Murase_L2,CHP,1,toluene,7,1.4961,1.4936,0,0.14,40.2,2.3741,0.857,0,273.15,80,54,2S3S,0.254,0.0032,0.0095,0.381,NA,2,192
203,12,VO(acac)2,2,Murase_C1,Murase_S1,Murase_L3,CHP,1,toluene,7,1.4961,1.4936,0,0.14,40.2,2.3741,0.857,0,273.15,80,65,2S3S,0.254,0.0032,0.0095,0.381,NA,2,456
204,12,VO(OiPr)3,3,Murase_C2,Murase_S1,Murase_L3,CHP,1,toluene,7,1.4961,1.4936,0,0.14,40.2,2.3741,0.857,0,273.15,80,68,2S3S,0.254,0.0032,0.0095,0.381,NA,2,72
205,12,VO(OiPr)3,3,Murase_C2,Murase_S1,Murase_L3,TBHP,4,toluene,7,1.4961,1.4936,0,0.14,40.2,2.3741,0.857,0,233.15,80,40,2S3S,0.254,0.0032,0.0095,0.381,NA,2,10
206,12,VO(OiPr)3,3,Murase_C2,Murase_S1,Murase_L3,TrOOH,5,toluene,7,1.4961,1.4936,0,0.14,40.2,2.3741,0.857,0,253.15,80,86,2S3S,0.254,0.0032,0.0095,0.381,NA,2,68
207,12,VO(OiPr)3,3,Murase_C2,Murase_S1,Murase_L3,TrOOH,5,toluene,7,1.4961,1.4936,0,0.14,40.2,2.3741,0.857,0,253.15,80,83,2S3S,0.254,0.0051,0.0076,0.381,NA,2,24
208,12,VO(OiPr)3,3,Murase_C2,Murase_S1,Murase_L3,TrOOH,5,toluene,7,1.4961,1.4936,0,0.14,40.2,2.3741,0.857,0,253.15,80,73,2S3S,0.254,0.0057,0.007,0.381,NA,2,24
209,12,VO(OiPr)3,3,Murase_C2,Murase_S10,Murase_L3,TrOOH,5,toluene,7,1.4961,1.4936,0,0.14,40.2,2.3741,0.857,0,253.15,53,39,2S,0.254,0.0051,0.0076,0.381,NA,2,168
210,12,VO(OiPr)3,3,Murase_C2,Murase_S11,Murase_L3,TrOOH,5,toluene,7,1.4961,1.4936,0,0.14,40.2,2.3741,0.857,0,253.15,16,40,2S,0.254,0.0051,0.0076,0.381,NA,2,168
211,12,VO(OiPr)3,3,Murase_C2,Murase_S2,Murase_L3,TrOOH,5,toluene,7,1.4961,1.4936,0,0.14,40.2,2.3741,0.857,0,253.15,80,66,SS,0.254,0.0051,0.0076,0.381,NA,2,72
212,12,VO(OiPr)3,3,Murase_C2,Murase_S3,Murase_L3,TrOOH,5,toluene,7,1.4961,1.4936,0,0.14,40.2,2.3741,0.857,0,253.15,87,41,SR,0.254,0.0051,0.0076,0.381,NA,2,72
213,12,VO(OiPr)3,3,Murase_C2,Murase_S4,Murase_L3,TrOOH,5,toluene,7,1.4961,1.4936,0,0.14,40.2,2.3741,0.857,0,253.15,70,78,SS,0.254,0.0051,0.0076,0.381,NA,2,72
214,12,VO(OiPr)3,3,Murase_C2,Murase_S5,Murase_L3,TrOOH,5,toluene,7,1.4961,1.4936,0,0.14,40.2,2.3741,0.857,0,253.15,96,91,SS,0.254,0.0051,0.0076,0.381,NA,2,72
215,12,VO(OiPr)3,3,Murase_C2,Murase_S6,Murase_L3,TrOOH,5,toluene,7,1.4961,1.4936,0,0.14,40.2,2.3741,0.857,0,253.15,61,87,SS,0.254,0.0051,0.0076,0.381,NA,2,72
216,12,VO(OiPr)3,3,Murase_C2,Murase_S7,Murase_L3,TrOOH,5,toluene,7,1.4961,1.4936,0,0.14,40.2,2.3741,0.857,0,253.15,59,94,SS,0.254,0.0051,0.0076,0.381,NA,2,72
217,12,VO(OiPr)3,3,Murase_C2,Murase_S8,Murase_L3,TrOOH,5,toluene,7,1.4961,1.4936,0,0.14,40.2,2.3741,0.857,0,253.15,14,71,SS,0.254,0.0051,0.0076,0.381,NA,2,168
218,12,VO(OiPr)3,3,Murase_C2,Murase_S9,Murase_L3,TrOOH,5,toluene,7,1.4961,1.4936,0,0.14,40.2,2.3741,0.857,0,253.15,19,38,SR,0.254,0.0051,0.0076,0.381,NA,2,168
220,13,VOSO4,5,Pereira_C0,Pereira_S1,Pereira_L10,TBHP,4,dichloromethane,4,1.4242,1.4241,0.1,0.05,39.15,8.93,0,0.667,298.15,100,NA,NA,1,0.2,NA,1.5,NA,5,4
221,13,VOSO4,5,Pereira_C0,Pereira_S1,Pereira_L11,TBHP,4,dichloromethane,4,1.4242,1.4241,0.1,0.05,39.15,8.93,0,0.667,298.15,100,NA,NA,1,0.2,NA,1.5,NA,5,5
222,13,VOSO4,5,Pereira_C0,Pereira_S1,Pereira_L12,TBHP,4,dichloromethane,4,1.4242,1.4241,0.1,0.05,39.15,8.93,0,0.667,298.15,86,NA,NA,1,0.2,NA,1.5,NA,5,3
223,13,VOSO4,5,Pereira_C0,Pereira_S1,Pereira_L13,TBHP,4,dichloromethane,4,1.4242,1.4241,0.1,0.05,39.15,8.93,0,0.667,298.15,92,NA,NA,1,0.2,NA,1.5,NA,5,5
224,13,VOSO4,5,Pereira_C0,Pereira_S1,Pereira_L14,TBHP,4,dichloromethane,4,1.4242,1.4241,0.1,0.05,39.15,8.93,0,0.667,298.15,95,NA,NA,1,0.2,NA,1.5,NA,5,5
225,13,VOSO4,5,Pereira_C0,Pereira_S1,Pereira_L15,TBHP,4,dichloromethane,4,1.4242,1.4241,0.1,0.05,39.15,8.93,0,0.667,298.15,95,NA,NA,1,0.2,NA,1.5,NA,5,5
226,13,VOSO4,5,Pereira_C0,Pereira_S1,Pereira_L2,TBHP,4,dichloromethane,4,1.4242,1.4241,0.1,0.05,39.15,8.93,0,0.667,298.15,99,NA,NA,1,0.2,NA,1.5,NA,5,0.5
227,13,VOSO4,5,Pereira_C0,Pereira_S1,Pereira_L3,TBHP,4,dichloromethane,4,1.4242,1.4241,0.1,0.05,39.15,8.93,0,0.667,298.15,99,NA,NA,1,0.2,NA,1.5,NA,5,0.5
228,13,VOSO4,5,Pereira_C0,Pereira_S1,Pereira_L4,TBHP,4,dichloromethane,4,1.4242,1.4241,0.1,0.05,39.15,8.93,0,0.667,298.15,89,NA,NA,1,0.2,NA,1.5,NA,5,0.5
229,13,VOSO4,5,Pereira_C0,Pereira_S1,Pereira_L5,TBHP,4,dichloromethane,4,1.4242,1.4241,0.1,0.05,39.15,8.93,0,0.667,298.15,92,NA,NA,1,0.2,NA,1.5,NA,5,1.5
230,13,VOSO4,5,Pereira_C0,Pereira_S1,Pereira_L6,TBHP,4,dichloromethane,4,1.4242,1.4241,0.1,0.05,39.15,8.93,0,0.667,298.15,100,NA,NA,1,0.2,NA,1.5,NA,5,9
231,13,VOSO4,5,Pereira_C0,Pereira_S1,Pereira_L7,TBHP,4,dichloromethane,4,1.4242,1.4241,0.1,0.05,39.15,8.93,0,0.667,298.15,100,NA,NA,1,0.2,NA,1.5,NA,5,7
232,13,VOSO4,5,Pereira_C0,Pereira_S1,Pereira_L8,TBHP,4,dichloromethane,4,1.4242,1.4241,0.1,0.05,39.15,8.93,0,0.667,298.15,94,NA,NA,1,0.2,NA,1.5,NA,5,2
233,13,VOSO4,5,Pereira_C0,Pereira_S1,Pereira_L9,TBHP,4,dichloromethane,4,1.4242,1.4241,0.1,0.05,39.15,8.93,0,0.667,298.15,100,NA,NA,1,0.2,NA,1.5,NA,5,4
219,13,VO(acac)2,2,Pereira_C1,Pereira_S1,NA,TBHP,4,dichloromethane,4,1.4242,1.4241,0.1,0.05,39.15,8.93,0,0.667,298.15,100,NA,NA,1,0.2,NA,1.5,NA,5,0.25
234,14,VO(acac)2,2,Sheng_C1,Sheng_S1,NA,TBHP,4,THF,6,1.405,1.4044,0,0.48,39.44,7.4257,0,0,373.15,78,NA,NA,10,0.0377,NA,10,NA,2,2
235,14,VO(acac)2,2,Sheng_C1,Sheng_S1,NA,TBHP,4,THF,6,1.405,1.4044,0,0.48,39.44,7.4257,0,0,373.15,64,NA,NA,10,0.0377,NA,15,NA,2,0.5
236,14,VO(acac)2,2,Sheng_C1,Sheng_S1,NA,TBHP,4,THF,6,1.405,1.4044,0,0.48,39.44,7.4257,0,0,373.15,83,NA,NA,70,0.0377,NA,10,NA,2,0.416666667
237,14,VO(acac)2,2,Sheng_C1,Sheng_S2,NA,TBHP,4,THF,6,1.405,1.4044,0,0.48,39.44,7.4257,0,0,353.15,100,NA,NA,60,0.0377,NA,4,NA,2,0.5
238,14,VO(acac)2,2,Sheng_C1,Sheng_S3,NA,TBHP,4,THF,6,1.405,1.4044,0,0.48,39.44,7.4257,0,0,353.15,100,NA,NA,40,0.0377,NA,4,NA,2,0.5
239,14,VO(acac)2,2,Sheng_C1,Sheng_S4,NA,TBHP,4,THF,6,1.405,1.4044,0,0.48,39.44,7.4257,0,0,353.15,100,NA,NA,40,0.0377,NA,4,NA,2,0.5
240,14,VO(acac)2,2,Sheng_C1,Sheng_S5,NA,TBHP,4,THF,6,1.405,1.4044,0,0.48,39.44,7.4257,0,0,353.15,51,NA,NA,40,0.0377,NA,4,NA,2,0.5
241,14,VO(acac)2,2,Sheng_C1,Sheng_S6,NA,TBHP,4,THF,6,1.405,1.4044,0,0.48,39.44,7.4257,0,0,353.15,51,NA,NA,20,0.0377,NA,2,NA,2,0.5
242,14,VO(acac)2,2,Sheng_C1,Sheng_S7,NA,TBHP,4,THF,6,1.405,1.4044,0,0.48,39.44,7.4257,0,0,353.15,92,NA,NA,40,0.0377,NA,4,NA,2,0.5
243,14,VO(acac)2,2,Sheng_C1,Sheng_S8,NA,TBHP,4,THF,6,1.405,1.4044,0,0.48,39.44,7.4257,0,0,353.15,60,NA,NA,30,0.0188,NA,10,NA,2,1
244,14,VO(acac)2,2,Sheng_C1,Sheng_S9,NA,TBHP,4,THF,6,1.405,1.4044,0,0.48,39.44,7.4257,0,0,353.15,91,NA,NA,50,0.0377,NA,10,NA,2,1
245,15,VO(OiPr)3,3,Zhang_B_C1,Zhang_B_S1,Zhang_B_L1,CHP,1,toluene,7,1.4961,1.4936,0,0.14,40.2,2.3741,0.857,0,298.15,52,71,NA,1.05,0.0104,0.021,1.5,NA,0.5,24
246,15,VO(OiPr)3,3,Zhang_B_C1,Zhang_B_S1,Zhang_B_L2,CHP,1,toluene,7,1.4961,1.4936,0,0.14,40.2,2.3741,0.857,0,298.15,56,90,NA,1.05,0.0104,0.021,1.5,NA,0.5,24
247,15,VO(OiPr)3,3,Zhang_B_C1,Zhang_B_S1,Zhang_B_L3,CHP,1,toluene,7,1.4961,1.4936,0,0.14,40.2,2.3741,0.857,0,298.15,61,96,NA,1.05,0.0104,0.021,1.5,NA,0.5,24
248,15,VO(OiPr)3,3,Zhang_B_C1,Zhang_B_S10,Zhang_B_L3,CHP,1,toluene,7,1.4961,1.4936,0,0.14,40.2,2.3741,0.857,0,298.15,90,99,NA,1.05,0.0104,0.021,1.5,NA,0.5,24
249,15,VO(OiPr)3,3,Zhang_B_C1,Zhang_B_S2,Zhang_B_L3,CHP,1,toluene,7,1.4961,1.4936,0,0.14,40.2,2.3741,0.857,0,298.15,90,96,NA,1.05,0.0104,0.021,1.5,NA,0.5,24
250,15,VO(OiPr)3,3,Zhang_B_C1,Zhang_B_S3,Zhang_B_L3,CHP,1,toluene,7,1.4961,1.4936,0,0.14,40.2,2.3741,0.857,0,298.15,85,99,NA,1.05,0.0104,0.021,1.5,NA,0.5,24
251,15,VO(OiPr)3,3,Zhang_B_C1,Zhang_B_S4,Zhang_B_L3,CHP,1,toluene,7,1.4961,1.4936,0,0.14,40.2,2.3741,0.857,0,298.15,85,93,3R4R,1.05,0.0104,0.021,1.5,NA,0.5,24
252,15,VO(OiPr)3,3,Zhang_B_C1,Zhang_B_S5,Zhang_B_L3,CHP,1,toluene,7,1.4961,1.4936,0,0.14,40.2,2.3741,0.857,0,298.15,89,96,NA,1.05,0.0104,0.021,1.5,NA,0.5,24
253,15,VO(OiPr)3,3,Zhang_B_C1,Zhang_B_S6,Zhang_B_L3,CHP,1,toluene,7,1.4961,1.4936,0,0.14,40.2,2.3741,0.857,0,298.15,92,98,NA,1.05,0.0104,0.021,1.5,NA,0.5,24
254,15,VO(OiPr)3,3,Zhang_B_C1,Zhang_B_S7,Zhang_B_L3,CHP,1,toluene,7,1.4961,1.4936,0,0.14,40.2,2.3741,0.857,0,298.15,92,95,3R4S,1.05,0.0104,0.021,1.5,NA,0.5,24
255,15,VO(OiPr)3,3,Zhang_B_C1,Zhang_B_S8,Zhang_B_L3,CHP,1,toluene,7,1.4961,1.4936,0,0.14,40.2,2.3741,0.857,0,298.15,90,97,NA,1.05,0.0104,0.021,1.5,NA,0.5,24
256,15,VO(OiPr)3,3,Zhang_B_C1,Zhang_B_S9,Zhang_B_L3,CHP,1,toluene,7,1.4961,1.4936,0,0.14,40.2,2.3741,0.857,0,298.15,91,99,NA,1.05,0.0104,0.021,1.5,NA,0.5,24
257,16,VO(OiPr)3,3,Zhang_C0,Zhang_S1,Zhang_L1,TBHP,4,dichloromethane,4,1.4242,1.4241,0.1,0.05,39.15,8.93,0,0.667,253.15,91,97,NA,1.09,0.0314,NA,1.59,NA,1.22,48
258,16,VO(OiPr)3,3,Zhang_C0,Zhang_S10,Zhang_L3,TBHP,4,dichloromethane,4,1.4242,1.4241,0.1,0.05,39.15,8.93,0,0.667,253.15,24,97,NA,1.09,0.0314,NA,1.59,NA,1.22,120
259,16,VO(OiPr)3,3,Zhang_C0,Zhang_S11,Zhang_L3,TBHP,4,dichloromethane,4,1.4242,1.4241,0.1,0.05,39.15,8.93,0,0.667,253.15,64,96,NA,1.09,0.0314,NA,1.59,NA,1.22,48
260,16,VO(OiPr)3,3,Zhang_C0,Zhang_S12,Zhang_L3,TBHP,4,dichloromethane,4,1.4242,1.4241,0.1,0.05,39.15,8.93,0,0.667,253.15,62,95,NA,1.09,0.0314,NA,1.59,NA,1.22,48
261,16,VO(OiPr)3,3,Zhang_C0,Zhang_S13,Zhang_L2,CHP,1,toluene,7,1.4961,1.4936,0,0.14,40.2,2.3741,0.857,0,273.15,78,97,NA,1.09,0.0314,NA,1.59,NA,1.22,12
262,16,VO(OiPr)3,3,Zhang_C0,Zhang_S14,Zhang_L1,CHP,1,toluene,7,1.4961,1.4936,0,0.14,40.2,2.3741,0.857,0,273.15,50,93,NA,1.09,0.0314,NA,1.59,NA,1.22,12
263,16,VO(OiPr)3,3,Zhang_C0,Zhang_S15,Zhang_L3,CHP,1,toluene,7,1.4961,1.4936,0,0.14,40.2,2.3741,0.857,0,273.15,71,92,NA,1.09,0.0314,NA,1.59,NA,1.22,12
264,16,VO(OiPr)3,3,Zhang_C0,Zhang_S16,Zhang_L1,CHP,1,toluene,7,1.4961,1.4936,0,0.14,40.2,2.3741,0.857,0,273.15,68,95,NA,1.09,0.0314,NA,1.59,NA,1.22,12
265,16,VO(OiPr)3,3,Zhang_C0,Zhang_S17,Zhang_L2,CHP,1,toluene,7,1.4961,1.4936,0,0.14,40.2,2.3741,0.857,0,273.15,73,94,NA,1.09,0.0314,NA,1.59,NA,1.22,12
266,16,VO(OiPr)3,3,Zhang_C0,Zhang_S2,Zhang_L1,TBHP,4,dichloromethane,4,1.4242,1.4241,0.1,0.05,39.15,8.93,0,0.667,253.15,84,97,NA,1.09,0.0314,NA,1.59,NA,1.22,48
267,16,VO(OiPr)3,3,Zhang_C0,Zhang_S3,Zhang_L1,TBHP,4,dichloromethane,4,1.4242,1.4241,0.1,0.05,39.15,8.93,0,0.667,253.15,53,97,NA,1.09,0.0314,NA,1.59,NA,1.22,60
268,16,VO(OiPr)3,3,Zhang_C0,Zhang_S4,Zhang_L1,TBHP,4,dichloromethane,4,1.4242,1.4241,0.1,0.05,39.15,8.93,0,0.667,253.15,56,95,NA,1.09,0.0314,NA,1.59,NA,1.22,72
269,16,VO(OiPr)3,3,Zhang_C0,Zhang_S5,Zhang_L1,TBHP,4,dichloromethane,4,1.4242,1.4241,0.1,0.05,39.15,8.93,0,0.667,253.15,51,95,NA,1.09,0.0314,NA,1.59,NA,1.22,72
270,16,VO(OiPr)3,3,Zhang_C0,Zhang_S6,Zhang_L1,TBHP,4,dichloromethane,4,1.4242,1.4241,0.1,0.05,39.15,8.93,0,0.667,273.15,73,95,NA,1.09,0.0314,NA,1.59,NA,1.22,48
271,16,VO(OiPr)3,3,Zhang_C0,Zhang_S7,Zhang_L1,TBHP,4,dichloromethane,4,1.4242,1.4241,0.1,0.05,39.15,8.93,0,0.667,253.15,79,95,NA,1.09,0.0314,NA,1.59,NA,1.22,48
272,16,VO(OiPr)3,3,Zhang_C0,Zhang_S8,Zhang_L2,TBHP,4,dichloromethane,4,1.4242,1.4241,0.1,0.05,39.15,8.93,0,0.667,253.15,68,95,NA,1.09,0.0314,NA,1.59,NA,1.22,48
273,16,VO(OiPr)3,3,Zhang_C0,Zhang_S9,Zhang_L3,TBHP,4,dichloromethane,4,1.4242,1.4241,0.1,0.05,39.15,8.93,0,0.667,273.15,60,95,NA,1.09,0.0314,NA,1.59,NA,1.22,72